-- Script was generated by Devart dbForge Studio for MySQL, Version 6.0.128.0
-- Product home page: http://www.devart.com/dbforge/mysql/studio
-- Script date 31/08/2018 10:46:04
-- Server version: 5.5.5-10.1.34-MariaDB
-- Client version: 4.1

-- 
-- Disable foreign keys
-- 
/*!40014 SET @OLD_FOREIGN_KEY_CHECKS=@@FOREIGN_KEY_CHECKS, FOREIGN_KEY_CHECKS=0 */;

-- 
-- Set character set the client will use to send SQL statements to the server
--
SET NAMES 'utf8';

-- 
-- Set default database
--
USE jairo_zapato;

--
-- Definition for table categoria
--
DROP TABLE IF EXISTS categoria;
CREATE TABLE categoria (
  id_categoria INT(11) NOT NULL AUTO_INCREMENT,
  categoria VARCHAR(255) NOT NULL,
  PRIMARY KEY (id_categoria),
  UNIQUE INDEX categoria (categoria)
)
ENGINE = INNODB
AUTO_INCREMENT = 9
AVG_ROW_LENGTH = 2048
CHARACTER SET latin1
COLLATE latin1_swedish_ci;

--
-- Definition for table colores
--
DROP TABLE IF EXISTS colores;
CREATE TABLE colores (
  id_color INT(11) NOT NULL AUTO_INCREMENT,
  color VARCHAR(255) NOT NULL,
  PRIMARY KEY (id_color)
)
ENGINE = INNODB
AUTO_INCREMENT = 23
AVG_ROW_LENGTH = 744
CHARACTER SET latin1
COLLATE latin1_swedish_ci;

--
-- Definition for table fabricantes
--
DROP TABLE IF EXISTS fabricantes;
CREATE TABLE fabricantes (
  id_fabricante INT(11) NOT NULL AUTO_INCREMENT,
  fabricante VARCHAR(255) NOT NULL,
  PRIMARY KEY (id_fabricante),
  UNIQUE INDEX fabricante (fabricante)
)
ENGINE = INNODB
AUTO_INCREMENT = 33
AVG_ROW_LENGTH = 512
CHARACTER SET latin1
COLLATE latin1_swedish_ci;

--
-- Definition for table materiales
--
DROP TABLE IF EXISTS materiales;
CREATE TABLE materiales (
  id_material INT(11) NOT NULL AUTO_INCREMENT,
  material VARCHAR(255) DEFAULT NULL,
  PRIMARY KEY (id_material)
)
ENGINE = INNODB
AUTO_INCREMENT = 1
CHARACTER SET latin1
COLLATE latin1_swedish_ci;

--
-- Definition for table secciones
--
DROP TABLE IF EXISTS secciones;
CREATE TABLE secciones (
  id_seccion INT(11) NOT NULL AUTO_INCREMENT,
  seccion VARCHAR(255) DEFAULT NULL,
  PRIMARY KEY (id_seccion),
  UNIQUE INDEX seccion (seccion)
)
ENGINE = INNODB
AUTO_INCREMENT = 4
AVG_ROW_LENGTH = 5461
CHARACTER SET latin1
COLLATE latin1_swedish_ci;

--
-- Definition for table tacones
--
DROP TABLE IF EXISTS tacones;
CREATE TABLE tacones (
  id_tacon INT(11) NOT NULL AUTO_INCREMENT,
  tacon INT(11) NOT NULL,
  PRIMARY KEY (id_tacon),
  UNIQUE INDEX tacon (tacon)
)
ENGINE = INNODB
AUTO_INCREMENT = 11
AVG_ROW_LENGTH = 1638
CHARACTER SET latin1
COLLATE latin1_swedish_ci;

--
-- Definition for table temporadas
--
DROP TABLE IF EXISTS temporadas;
CREATE TABLE temporadas (
  id_temporada INT(11) NOT NULL AUTO_INCREMENT,
  temporada VARCHAR(255) NOT NULL,
  PRIMARY KEY (id_temporada),
  UNIQUE INDEX temporada (temporada)
)
ENGINE = INNODB
AUTO_INCREMENT = 32
AVG_ROW_LENGTH = 528
CHARACTER SET latin1
COLLATE latin1_swedish_ci;

--
-- Definition for table tiendas
--
DROP TABLE IF EXISTS tiendas;
CREATE TABLE tiendas (
  id_tienda INT(11) NOT NULL AUTO_INCREMENT,
  tienda VARCHAR(255) NOT NULL,
  PRIMARY KEY (id_tienda)
)
ENGINE = INNODB
AUTO_INCREMENT = 13
AVG_ROW_LENGTH = 1365
CHARACTER SET latin1
COLLATE latin1_swedish_ci;

--
-- Definition for table articulos
--
DROP TABLE IF EXISTS articulos;
CREATE TABLE articulos (
  id_articulo INT(11) NOT NULL AUTO_INCREMENT,
  modelo VARCHAR(255) NOT NULL,
  precio FLOAT NOT NULL,
  id_temporada INT(11) DEFAULT NULL,
  id_categoria INT(11) DEFAULT NULL,
  id_fabricante INT(11) DEFAULT NULL,
  id_seccion INT(11) DEFAULT NULL,
  PRIMARY KEY (id_articulo),
  INDEX id_categoria (id_categoria),
  INDEX id_fabricante (id_fabricante),
  INDEX id_seccion (id_seccion),
  INDEX id_temporada (id_temporada),
  CONSTRAINT articulos_ibfk_1 FOREIGN KEY (id_temporada)
    REFERENCES temporadas(id_temporada) ON DELETE RESTRICT ON UPDATE RESTRICT,
  CONSTRAINT articulos_ibfk_2 FOREIGN KEY (id_categoria)
    REFERENCES categoria(id_categoria) ON DELETE RESTRICT ON UPDATE RESTRICT,
  CONSTRAINT articulos_ibfk_3 FOREIGN KEY (id_fabricante)
    REFERENCES fabricantes(id_fabricante) ON DELETE RESTRICT ON UPDATE RESTRICT,
  CONSTRAINT articulos_ibfk_4 FOREIGN KEY (id_seccion)
    REFERENCES secciones(id_seccion) ON DELETE RESTRICT ON UPDATE RESTRICT
)
ENGINE = INNODB
AUTO_INCREMENT = 33
AVG_ROW_LENGTH = 512
CHARACTER SET latin1
COLLATE latin1_swedish_ci;

--
-- Definition for table zapatos
--
DROP TABLE IF EXISTS zapatos;
CREATE TABLE zapatos (
  id_zapato INT(11) NOT NULL AUTO_INCREMENT,
  horma VARCHAR(255) DEFAULT NULL,
  cordon TINYINT(1) NOT NULL,
  id_tacon INT(11) DEFAULT NULL,
  PRIMARY KEY (id_zapato),
  UNIQUE INDEX cordon (cordon),
  UNIQUE INDEX horma (horma),
  INDEX id_tacon (id_tacon),
  CONSTRAINT zapatos_ibfk_1 FOREIGN KEY (id_tacon)
    REFERENCES tacones(id_tacon) ON DELETE RESTRICT ON UPDATE RESTRICT
)
ENGINE = INNODB
AUTO_INCREMENT = 1
CHARACTER SET latin1
COLLATE latin1_swedish_ci;

--
-- Definition for table almacenan
--
DROP TABLE IF EXISTS almacenan;
CREATE TABLE almacenan (
  id_almacenan INT(11) NOT NULL,
  id_articulo INT(11) NOT NULL,
  cantidad INT(11) NOT NULL,
  venta TINYINT(1) DEFAULT NULL,
  instante FLOAT DEFAULT NULL,
  talla INT(11) NOT NULL,
  PRIMARY KEY (id_almacenan, id_articulo),
  INDEX id_articulo (id_articulo),
  CONSTRAINT almacenan_ibfk_1 FOREIGN KEY (id_almacenan)
    REFERENCES tiendas(id_tienda) ON DELETE RESTRICT ON UPDATE RESTRICT,
  CONSTRAINT almacenan_ibfk_2 FOREIGN KEY (id_articulo)
    REFERENCES articulos(id_articulo) ON DELETE RESTRICT ON UPDATE RESTRICT
)
ENGINE = INNODB
CHARACTER SET latin1
COLLATE latin1_swedish_ci;

--
-- Definition for table contienen
--
DROP TABLE IF EXISTS contienen;
CREATE TABLE contienen (
  id_articulo INT(11) NOT NULL,
  id_contienen INT(11) NOT NULL,
  PRIMARY KEY (id_articulo, id_contienen),
  INDEX id_contienen (id_contienen),
  CONSTRAINT contienen_ibfk_1 FOREIGN KEY (id_articulo)
    REFERENCES articulos(id_articulo) ON DELETE RESTRICT ON UPDATE RESTRICT,
  CONSTRAINT contienen_ibfk_2 FOREIGN KEY (id_contienen)
    REFERENCES colores(id_color) ON DELETE RESTRICT ON UPDATE RESTRICT
)
ENGINE = INNODB
CHARACTER SET latin1
COLLATE latin1_swedish_ci;

--
-- Definition for table especializa
--
DROP TABLE IF EXISTS especializa;
CREATE TABLE especializa (
  id_articulo INT(11) NOT NULL,
  id_especializa INT(11) NOT NULL,
  PRIMARY KEY (id_articulo, id_especializa),
  INDEX id_especializa (id_especializa),
  CONSTRAINT especializa_ibfk_1 FOREIGN KEY (id_articulo)
    REFERENCES articulos(id_articulo) ON DELETE RESTRICT ON UPDATE RESTRICT,
  CONSTRAINT especializa_ibfk_2 FOREIGN KEY (id_especializa)
    REFERENCES zapatos(id_zapato) ON DELETE RESTRICT ON UPDATE RESTRICT
)
ENGINE = INNODB
CHARACTER SET latin1
COLLATE latin1_swedish_ci;

--
-- Definition for table forman
--
DROP TABLE IF EXISTS forman;
CREATE TABLE forman (
  id_forman INT(11) NOT NULL,
  id_articulos INT(11) NOT NULL,
  interior TINYINT(1) DEFAULT NULL,
  PRIMARY KEY (id_forman, id_articulos),
  INDEX id_articulos (id_articulos),
  CONSTRAINT forman_ibfk_1 FOREIGN KEY (id_forman)
    REFERENCES materiales(id_material) ON DELETE RESTRICT ON UPDATE RESTRICT,
  CONSTRAINT forman_ibfk_2 FOREIGN KEY (id_articulos)
    REFERENCES articulos(id_articulo) ON DELETE RESTRICT ON UPDATE RESTRICT
)
ENGINE = INNODB
CHARACTER SET latin1
COLLATE latin1_swedish_ci;

-- 
-- Dumping data for table categoria
--
INSERT INTO categoria VALUES
(7, 'Alpargatas'),
(8, 'bolso'),
(1, 'Bota'),
(5, 'Botin'),
(4, 'Deportivos y playeras'),
(3, 'Mocasin'),
(2, 'Sandalia'),
(6, 'Zapato');

-- 
-- Dumping data for table colores
--
INSERT INTO colores VALUES
(1, 'Amarillo'),
(2, 'Azul'),
(3, 'Beige'),
(4, 'Blanco'),
(5, 'Bronce'),
(6, 'Burdeos'),
(7, 'Cuero'),
(8, 'Fucsia'),
(9, 'Gris'),
(10, 'Hielo'),
(11, 'Kaki'),
(12, 'Marrón'),
(13, 'Morado'),
(14, 'Multicolor'),
(15, 'Negro'),
(16, 'Oro'),
(17, 'Plata'),
(18, 'Plomo'),
(19, 'Rojo'),
(20, 'Rosa'),
(21, 'Topo'),
(22, 'Verde');

-- 
-- Dumping data for table fabricantes
--
INSERT INTO fabricantes VALUES
(22, 'Alpe'),
(29, 'Camper'),
(9, 'Colour Feet'),
(4, 'Converse'),
(3, 'Funny Lola'),
(30, 'Giorda'),
(20, 'Gioseppo'),
(27, 'Hit d Trend'),
(26, 'Hobbs'),
(18, 'Imac'),
(23, 'Kennebec'),
(6, 'Kissia'),
(32, 'New Balance'),
(5, 'Nike'),
(28, 'Pablosky'),
(11, 'Panama Jack'),
(2, 'Paula Urban'),
(19, 'Pikolinos'),
(21, 'Pons Quintana'),
(17, 'Porronet'),
(16, 'Riposella'),
(15, 'Riva di Mare'),
(14, 'Stephen Allen'),
(7, 'Tambi'),
(13, 'Tiziana'),
(1, 'Traveris'),
(25, 'Trivict'),
(31, 'Vaporetto'),
(24, 'Victoria'),
(12, 'Vidorreta'),
(8, 'Walk & Fly'),
(10, 'Wonders');

-- 
-- Dumping data for table materiales
--

-- Table jairo_zapato.materiales does not contain any data (it is empty)

-- 
-- Dumping data for table secciones
--
INSERT INTO secciones VALUES
(2, 'Caballero'),
(3, 'Niño'),
(1, 'Señora');

-- 
-- Dumping data for table tacones
--
INSERT INTO tacones VALUES
(1, 0),
(2, 1),
(3, 2),
(4, 3),
(5, 4),
(6, 5),
(7, 6),
(8, 7),
(9, 8),
(10, 9);

-- 
-- Dumping data for table temporadas
--
INSERT INTO temporadas VALUES
(1, '2004V'),
(3, '2006I'),
(2, '2006V'),
(5, '2007I'),
(4, '2007V'),
(7, '2008I'),
(6, '2008V'),
(9, '2009I'),
(8, '2009V'),
(11, '2010I'),
(10, '2010V'),
(13, '2011I'),
(12, '2011V'),
(15, '2012I'),
(14, '2012V'),
(17, '2013I'),
(16, '2013V'),
(19, '2014I'),
(18, '2014V'),
(21, '2015I'),
(20, '2015V'),
(23, '2016I'),
(22, '2016V'),
(25, '2017I'),
(24, '2017V'),
(27, '2018I'),
(26, '2018V'),
(29, '2019I'),
(28, '2019V'),
(31, '2020I'),
(30, '2020V');

-- 
-- Dumping data for table tiendas
--
INSERT INTO tiendas VALUES
(1, 'Gaspar'),
(2, 'Sparta'),
(3, 'Walk'),
(4, 'Zap-In OutLet'),
(5, 'Zap-In SanJose'),
(6, 'Zap-In ValleReal'),
(7, 'Zap-In Castro'),
(8, 'Zap-In Max Center'),
(9, 'Zap-In R.Arias'),
(10, 'Zap-In Berceo'),
(11, 'Zap-In Kids'),
(12, 'Zap-in Online');

-- 
-- Dumping data for table articulos
--
INSERT INTO articulos VALUES
(1, '3536', 80, 1, 8, 31, 1),
(2, 'AllStar', 40, 26, 4, 4, 1),
(3, 'U520GG', 99, 26, 4, 32, 2),
(4, 'K100280-003', 11, 26, 4, 29, 2),
(5, 'MAUI', 49, 26, 2, 9, 1),
(6, 'K200577-002', 125, 26, 4, 29, 1),
(7, '584726', 25, 26, 2, 28, 3),
(8, '27254W', 30, 26, 4, 27, 1),
(9, '27254W-1', 30, 26, 4, 27, 1),
(10, '103840', 50, 26, 2, 18, 1),
(11, '108601', 55, 26, 2, 18, 1),
(12, '6297', 60, 26, 2, 16, 1),
(13, '108980', 55, 26, 2, 18, 1),
(14, '6352', 60, 26, 2, 16, 1),
(15, 'MA3001113', 89, 26, 6, 26, 2),
(16, '91401', 49, 26, 7, 1, 1),
(17, 'G154-S15064', 45, 26, 2, 25, 2),
(18, '4440', 39, 26, 2, 1, 1),
(19, '4440-1', 39, 26, 2, 1, 1),
(20, '102101', 45, 26, 4, 24, 1),
(21, '260110', 49, 24, 4, 24, 1),
(22, '1065129', 30, 26, 4, 24, 3),
(23, '5304', 79, 26, 6, 23, 2),
(24, '5304-1', 79, 26, 6, 23, 2),
(25, '143', 87, 26, 2, 6, 1),
(26, '3861-35580', 49, 26, 2, 8, 1),
(27, '7325-16170', 49, 26, 2, 8, 1),
(28, '7325-16170-1', 49, 26, 2, 8, 1),
(29, '42598', 75, 26, 2, 30, 1),
(30, '53677', 69, 26, 2, 30, 1),
(31, '225', 65, 26, 2, 6, 1),
(32, '215', 67, 26, 6, 6, 1);

-- 
-- Dumping data for table zapatos
--

-- Table jairo_zapato.zapatos does not contain any data (it is empty)

-- 
-- Dumping data for table almacenan
--

-- Table jairo_zapato.almacenan does not contain any data (it is empty)

-- 
-- Dumping data for table contienen
--

-- Table jairo_zapato.contienen does not contain any data (it is empty)

-- 
-- Dumping data for table especializa
--

-- Table jairo_zapato.especializa does not contain any data (it is empty)

-- 
-- Dumping data for table forman
--

-- Table jairo_zapato.forman does not contain any data (it is empty)

-- 
-- Enable foreign keys
-- 
/*!40014 SET FOREIGN_KEY_CHECKS=@OLD_FOREIGN_KEY_CHECKS */;